method,distribution,n,m,load_factor,num_hash_functions,insert_time_total_mean,insert_time_total_median,insert_time_total_std,insert_time_per_op_mean,insert_time_per_op_median,insert_time_per_op_std,search_time_total_mean,search_time_total_median,search_time_total_std,search_time_per_op_mean,search_time_per_op_median,search_time_per_op_std,search_comparisons_total_mean,search_comparisons_total_median,search_comparisons_total_std,search_comparisons_avg_mean,search_comparisons_avg_median,search_comparisons_avg_std,max_chain_length_mean,max_chain_length_median,max_chain_length_std,average_chain_length_mean,average_chain_length_median,average_chain_length_std,non_empty_buckets_mean,non_empty_buckets_median,non_empty_buckets_std,empty_buckets_mean,empty_buckets_median,empty_buckets_std,chain_length_stdev_mean,chain_length_stdev_median,chain_length_stdev_std,collision_count_mean,collision_count_median,collision_count_std,unique_keys_mean,unique_keys_median,unique_keys_std
fixed,adversarial,1000,500,2.0,1,0.004368568033654204,0.004367291499875137,1.3512811008700806e-05,4.368568033654205e-06,4.367291499875137e-06,1.3512811008700626e-08,0.014715155599939559,0.014703770999403787,0.0004725836457412894,2.943031119987912e-05,2.9407541998807575e-05,9.451672914825787e-07,253244.53333333333,253779.0,5472.783977498821,506.4890666666667,507.558,10.945567954997644,1000.0,1000.0,0.0,2.0,2.0,0.0,1.0,1.0,0.0,499.0,499.0,0.0,44.67661580737735,44.67661580737735,0.0,999.0,999.0,0.0,1000.0,1000.0,0.0
fixed,adversarial,1000,1000,1.0,1,0.004354859700227583,0.0043527710004127584,1.2543454130269837e-05,4.354859700227584e-06,4.352771000412758e-06,1.2543454130270039e-08,0.014486931900440444,0.014461437000136357,0.00040386418643107694,2.8973863800880886e-05,2.8922874000272713e-05,8.077283728621543e-07,253244.53333333333,253779.0,5472.783977498821,506.4890666666667,507.558,10.945567954997644,1000.0,1000.0,0.0,1.0,1.0,0.0,1.0,1.0,0.0,999.0,999.0,0.0,31.606961258558215,31.606961258558215,0.0,999.0,999.0,0.0,1000.0,1000.0,0.0
fixed,adversarial,1000,1334,0.75,1,0.004871211067681239,0.004383708501336514,0.0020815358255831147,4.8712110676812394e-06,4.383708501336515e-06,2.0815358255831146e-06,0.014940788866685277,0.014722791500389576,0.0006135552659492035,2.9881577733370554e-05,2.944558300077915e-05,1.2271105318984068e-06,253244.53333333333,253779.0,5472.783977498821,506.4890666666667,507.558,10.945567954997644,1000.0,1000.0,0.0,0.7496251874062968,0.7496251874062968,0.0,1.0,1.0,0.0,1333.0,1333.0,0.0,27.36901988535035,27.36901988535035,0.0,999.0,999.0,0.0,1000.0,1000.0,0.0
fixed,adversarial,1000,2000,0.5,1,0.004375140166545558,0.004368167001302936,4.40549512606076e-05,4.375140166545559e-06,4.368167001302936e-06,4.405495126060794e-08,0.014926001466301386,0.014868916499835905,0.0005185322476519136,2.985200293260277e-05,2.9737832999671807e-05,1.0370644953038276e-06,253244.53333333333,253779.0,5472.783977498821,506.4890666666667,507.558,10.945567954997644,1000.0,1000.0,0.0,0.5,0.5,0.0,1.0,1.0,0.0,1999.0,1999.0,0.0,22.355088906108158,22.355088906108158,0.0,999.0,999.0,0.0,1000.0,1000.0,0.0
fixed,adversarial,5000,2500,2.0,1,0.09197236533364048,0.08954924999852665,0.009205922017002788,1.8394473066728094e-05,1.7909849999705327e-05,1.841184403400558e-06,0.3655285832997227,0.3661087079999561,0.013102031815699446,0.00014621143331988907,0.00014644348319998242,5.240812726279776e-06,6262753.966666667,6259168.5,56701.655144292716,2505.1015866666667,2503.6674000000003,22.680662057717115,5000.0,5000.0,0.0,2.0,2.0,0.0,1.0,1.0,0.0,2499.0,2499.0,0.0,99.9799979995999,99.9799979995999,0.0,4999.0,4999.0,0.0,5000.0,5000.0,0.0
fixed,adversarial,5000,5000,1.0,1,0.09885186116662226,0.0882534169995779,0.039292634944467594,1.977037223332445e-05,1.7650683399915578e-05,7.858526988893518e-06,0.37097620560016364,0.35487312499935797,0.0432593611330116,0.00014839048224006546,0.00014194924999974318,1.730374445320464e-05,6262753.966666667,6259168.5,56701.655144292716,2505.1015866666667,2503.6674000000003,22.680662057717115,5000.0,5000.0,0.0,1.0,1.0,0.0,1.0,1.0,0.0,4999.0,4999.0,0.0,70.70360669725413,70.70360669725413,0.0,4999.0,4999.0,0.0,5000.0,5000.0,0.0
fixed,adversarial,5000,6667,0.75,1,0.1013276249335225,0.08834675000071002,0.0445268295598951,2.02655249867045e-05,1.7669350000142004e-05,8.905365911979021e-06,0.4067226152663352,0.351946582997698,0.16261396880394438,0.00016268904610653408,0.0001407786331990792,6.504558752157776e-05,6262753.966666667,6259168.5,56701.655144292716,2505.1015866666667,2503.6674000000003,22.680662057717115,5000.0,5000.0,0.0,0.7499625018749062,0.7499625018749062,0.0,1.0,1.0,0.0,6666.0,6666.0,0.0,61.23112007484685,61.23112007484685,0.0,4999.0,4999.0,0.0,5000.0,5000.0,0.0
fixed,adversarial,5000,10000,0.5,1,0.09684374176661853,0.08759987499979616,0.023175330433920012,1.9368748353323708e-05,1.7519974999959234e-05,4.635066086784004e-06,0.36414294169965916,0.35502631249983096,0.035094535688864455,0.00014565717667986368,0.0001420105249999324,1.4037814275545787e-05,6262753.966666667,6259168.5,56701.655144292716,2505.1015866666667,2503.6674000000003,22.680662057717115,5000.0,5000.0,0.0,0.5,0.5,0.0,1.0,1.0,0.0,9999.0,9999.0,0.0,49.997499937496876,49.997499937496876,0.0,4999.0,4999.0,0.0,5000.0,5000.0,0.0
fixed,adversarial,10000,5000,2.0,1,0.3457435235668527,0.34389700000065204,0.009428656837229777,3.457435235668527e-05,3.438970000006521e-05,9.428656837229791e-07,1.4598571571332286,1.4563662295004178,0.05341573008805991,0.0002919714314266457,0.0002912732459000836,1.0683146017611992e-05,25015635.766666666,25062938.5,189884.70701939173,5003.127153333334,5012.5877,37.97694140387832,10000.0,10000.0,0.0,2.0,2.0,0.0,1.0,1.0,0.0,4999.0,4999.0,0.0,141.40721339450826,141.40721339450826,0.0,9999.0,9999.0,0.0,10000.0,10000.0,0.0
fixed,adversarial,10000,10000,1.0,1,0.34785840130013335,0.3426805204999255,0.025498016304695528,3.478584013001334e-05,3.426805204999255e-05,2.549801630469554e-06,1.431522954133834,1.40461120800137,0.06811545631395742,0.0002863045908267668,0.00028092224160027404,1.3623091262791478e-05,25015635.766666666,25062938.5,189884.70701939173,5003.127153333334,5012.5877,37.97694140387832,10000.0,10000.0,0.0,1.0,1.0,0.0,1.0,1.0,0.0,9999.0,9999.0,0.0,99.99499987499375,99.99499987499375,0.0,9999.0,9999.0,0.0,10000.0,10000.0,0.0
fixed,adversarial,10000,13334,0.75,1,0.3412955638997422,0.34113508299924433,0.0011397261968075186,3.412955638997421e-05,3.411350829992443e-05,1.1397261968075431e-07,1.401554304233529,1.3998803955000767,0.022049919636258936,0.00028031086084670585,0.0002799760791000153,4.4099839272517864e-06,25015635.766666666,25062938.5,189884.70701939173,5003.127153333334,5012.5877,37.97694140387832,10000.0,10000.0,0.0,0.7499625018749062,0.7499625018749062,0.0,1.0,1.0,0.0,13333.0,13333.0,0.0,86.59712798352406,86.59712798352405,0.0,9999.0,9999.0,0.0,10000.0,10000.0,0.0
fixed,adversarial,10000,20000,0.5,1,0.3411317457996726,0.3409519585002272,0.0010154631986598072,3.411317457996726e-05,3.409519585002272e-05,1.0154631986598016e-07,1.4039906555331982,1.4006515210003272,0.024211977422158023,0.00028079813110663967,0.0002801303042000655,4.842395484431609e-06,25015635.766666666,25062938.5,189884.70701939173,5003.127153333334,5012.5877,37.97694140387832,10000.0,10000.0,0.0,0.5,0.5,0.0,1.0,1.0,0.0,19999.0,19999.0,0.0,70.70891032960415,70.70891032960415,0.0,9999.0,9999.0,0.0,10000.0,10000.0,0.0
fixed,near_duplicate,1000,500,2.0,1,0.0006731680331237537,0.0006676459997834172,2.817177300561256e-05,6.731680331237537e-07,6.676459997834172e-07,2.8171773005612572e-08,0.0003278291336755501,0.0003275834988016868,3.853005797045245e-06,6.556582673511003e-07,6.551669976033736e-07,7.706011594090504e-09,500.0,500.0,0.0,1.0,1.0,0.0,1.0,1.0,0.0,0.2,0.2,0.0,100.0,100.0,0.0,400.0,400.0,0.0,0.4,0.4,0.0,0.0,0.0,0.0,100.0,100.0,0.0
fixed,near_duplicate,1000,1000,1.0,1,0.0006725248333774895,0.0006709374993079109,8.056265398923643e-06,6.725248333774895e-07,6.709374993079109e-07,8.056265398923631e-09,0.0003297513670986518,0.0003291455013822997,3.669691398614001e-06,6.595027341973036e-07,6.582910027645994e-07,7.339382797227988e-09,500.0,500.0,0.0,1.0,1.0,0.0,1.0,1.0,0.0,0.1,0.1,0.0,100.0,100.0,0.0,900.0,900.0,0.0,0.3,0.3,0.0,0.0,0.0,0.0,100.0,100.0,0.0
fixed,near_duplicate,1000,1334,0.75,1,0.0006821514332841616,0.0006730209988745628,4.9229817895218355e-05,6.821514332841617e-07,6.730209988745628e-07,4.9229817895218325e-08,0.00033953599995584227,0.00033070850076910574,3.16529722190317e-05,6.790719999116846e-07,6.614170015382115e-07,6.330594443806341e-08,500.0,500.0,0.0,1.0,1.0,0.0,1.0,1.0,0.0,0.07496251874062969,0.07496251874062969,0.0,100.0,100.0,0.0,1234.0,1234.0,0.0,0.26333085562594144,0.26333085562594144,0.0,0.0,0.0,0.0,100.0,100.0,0.0
fixed,near_duplicate,1000,2000,0.5,1,0.0006650223001391472,0.0006649164988630218,2.262909825085406e-06,6.650223001391472e-07,6.649164988630219e-07,2.2629098250854287e-09,0.00032617913311696614,0.00032602050123387016,1.99963105765782e-06,6.523582662339322e-07,6.520410024677404e-07,3.999262115315652e-09,500.0,500.0,0.0,1.0,1.0,0.0,1.0,1.0,0.0,0.05,0.05,0.0,100.0,100.0,0.0,1900.0,1900.0,0.0,0.21794494717703367,0.21794494717703367,0.0,0.0,0.0,0.0,100.0,100.0,0.0
fixed,near_duplicate,5000,2500,2.0,1,0.0034498430669676356,0.0034439794999343576,2.144548931796463e-05,6.899686133935272e-07,6.887958999868714e-07,4.28909786359295e-09,0.0016984971333537638,0.0016951034995145164,1.7340620014471405e-05,6.793988533415056e-07,6.780413998058066e-07,6.936248005788559e-09,2500.0,2500.0,0.0,1.0,1.0,0.0,1.0,1.0,0.0,0.2,0.2,0.0,500.0,500.0,0.0,2000.0,2000.0,0.0,0.4,0.4,0.0,0.0,0.0,0.0,500.0,500.0,0.0
fixed,near_duplicate,5000,5000,1.0,1,0.0034629125334807516,0.00345593749989348,3.758903442568138e-05,6.925825066961503e-07,6.911874999786961e-07,7.517806885136277e-09,0.0016946737000883634,0.0016914165007619886,2.097080506329908e-05,6.778694800353455e-07,6.765666003047955e-07,8.388322025319619e-09,2500.0,2500.0,0.0,1.0,1.0,0.0,1.0,1.0,0.0,0.1,0.1,0.0,500.0,500.0,0.0,4500.0,4500.0,0.0,0.3,0.3,0.0,0.0,0.0,0.0,500.0,500.0,0.0
fixed,near_duplicate,5000,6667,0.75,1,0.003423115299544103,0.0034229584998684004,1.918764229522975e-05,6.846230599088206e-07,6.845916999736801e-07,3.83752845904592e-09,0.0016949916005008466,0.0016867084996192716,2.679199460773276e-05,6.779966402003386e-07,6.746833998477087e-07,1.071679784309314e-08,2500.0,2500.0,0.0,1.0,1.0,0.0,1.0,1.0,0.0,0.07499625018749062,0.07499625018749062,0.0,500.0,500.0,0.0,6167.0,6167.0,0.0,0.2633852931454335,0.2633852931454335,0.0,0.0,0.0,0.0,500.0,500.0,0.0
fixed,near_duplicate,5000,10000,0.5,1,0.004331634666353542,0.0034215209998365026,0.00374215145592785,8.663269332707084e-07,6.843041999673004e-07,7.484302911855701e-07,0.0018081097667163703,0.0016948124994087266,0.0002650049623817692,7.232439066865481e-07,6.779249997634907e-07,1.060019849527078e-07,2500.0,2500.0,0.0,1.0,1.0,0.0,1.0,1.0,0.0,0.05,0.05,0.0,500.0,500.0,0.0,9500.0,9500.0,0.0,0.21794494717703367,0.21794494717703367,0.0,0.0,0.0,0.0,500.0,500.0,0.0
fixed,near_duplicate,10000,5000,2.0,1,0.0067734625001321545,0.0067748954988928745,3.2455602872221613e-05,6.773462500132154e-07,6.774895498892875e-07,3.245560287222169e-09,0.003382729233392941,0.0033410209998692153,0.0002094329312611382,6.765458466785882e-07,6.682041999738431e-07,4.188658625222766e-08,5000.0,5000.0,0.0,1.0,1.0,0.0,1.0,1.0,0.0,0.19999333333333336,0.2,3.6514837167017997e-05,999.9666666666667,1000.0,0.1825741858350653,4000.0333333333333,4000.0,0.18257418583515034,0.39999499739485617,0.4,2.7400396835784748e-05,0.0,0.0,0.0,999.9666666666667,1000.0,0.1825741858350653
fixed,near_duplicate,10000,10000,1.0,1,0.006827054133342851,0.006812291499954881,0.00011845956055042049,6.82705413334285e-07,6.812291499954881e-07,1.1845956055042019e-08,0.0033962832332084265,0.0033571874992048834,0.00014806413369041632,6.792566466416853e-07,6.714374998409767e-07,2.961282673808328e-08,5000.0,5000.0,0.0,1.0,1.0,0.0,1.0,1.0,0.0,0.09999666666666668,0.1,1.8257418583508998e-05,999.9666666666667,1000.0,0.1825741858350653,9000.033333333333,9000.0,0.18257418583528168,0.2999955540116594,0.3,2.4351681045611864e-05,0.0,0.0,0.0,999.9666666666667,1000.0,0.1825741858350653
fixed,near_duplicate,10000,13334,0.75,1,0.006803397233064364,0.0067928125008620555,5.803693704540299e-05,6.803397233064364e-07,6.792812500862056e-07,5.803693704540263e-09,0.003388483299931977,0.003345936998812249,0.0001259117157445801,6.776966599863953e-07,6.691873997624497e-07,2.5182343148915976e-08,5000.0,5000.0,0.0,1.0,1.0,0.0,1.0,1.0,0.0,0.07499375031248437,0.07499625018749062,1.3692379318663036e-05,999.9666666666667,1000.0,0.1825741858350653,12334.033333333333,12334.0,0.18257418583528168,0.2633812580141856,0.2633852931454335,2.2101324069670124e-05,0.0,0.0,0.0,999.9666666666667,1000.0,0.1825741858350653
fixed,near_duplicate,10000,20000,0.5,1,0.006775193133338083,0.006770021000193083,2.6263268464045007e-05,6.775193133338083e-07,6.770021000193084e-07,2.6263268464045013e-09,0.0033576348332038227,0.0033573334985703696,5.090240483418464e-05,6.715269666407646e-07,6.714666997140739e-07,1.0180480966836933e-08,5000.0,5000.0,0.0,1.0,1.0,0.0,1.0,1.0,0.0,0.04999833333333334,0.05,9.128709291754499e-06,999.9666666666667,1000.0,0.1825741858350653,19000.033333333333,19000.0,0.1825741858346351,0.21794150493433934,0.21794494717703367,1.885393972096855e-05,0.0,0.0,0.0,999.9666666666667,1000.0,0.1825741858350653
fixed,sorted,1000,500,2.0,1,0.0012830916662399734,0.0012811039996449836,1.1988508714830809e-05,1.2830916662399736e-06,1.2811039996449835e-06,1.1988508714830809e-08,0.00035708469986275306,0.00035637499968288466,5.22437717668082e-06,7.141693997255061e-07,7.127499993657693e-07,1.0448754353361619e-08,755.3,755.5,11.350679760899007,1.5106,1.5110000000000001,0.02270135952179809,2.0,2.0,0.0,2.0,2.0,0.0,500.0,500.0,0.0,0.0,0.0,0.0,0.0,0.0,0.0,500.0,500.0,0.0,1000.0,1000.0,0.0
fixed,sorted,1000,1000,1.0,1,0.0012927819003380136,0.0012830209998355713,3.419297928532323e-05,1.2927819003380137e-06,1.2830209998355712e-06,3.4192979285323204e-08,0.00032985696670948526,0.00032949999877018854,3.5716747574087072e-06,6.597139334189705e-07,6.58999997540377e-07,7.143349514817415e-09,500.0,500.0,0.0,1.0,1.0,0.0,1.0,1.0,0.0,1.0,1.0,0.0,1000.0,1000.0,0.0,0.0,0.0,0.0,0.0,0.0,0.0,0.0,0.0,0.0,1000.0,1000.0,0.0
fixed,sorted,1000,1334,0.75,1,0.0029920834002647705,0.0013830004991177702,0.0042355200152731955,2.9920834002647707e-06,1.3830004991177701e-06,4.235520015273195e-06,0.000700562566392667,0.00035460450089885853,0.0007825320347644973,1.401125132785334e-06,7.092090017977171e-07,1.565064069528995e-06,500.0,500.0,0.0,1.0,1.0,0.0,1.0,1.0,0.0,0.7496251874062968,0.7496251874062968,0.0,1000.0,1000.0,0.0,334.0,334.0,0.0,0.43322888386206565,0.43322888386206565,0.0,0.0,0.0,0.0,1000.0,1000.0,0.0
fixed,sorted,1000,2000,0.5,1,0.0012946734659635695,0.0012942499979544664,1.2388316956584977e-05,1.2946734659635695e-06,1.2942499979544664e-06,1.2388316956584987e-08,0.0003319527667675478,0.0003315619997010799,3.444386283005969e-06,6.639055335350956e-07,6.631239994021598e-07,6.888772566011935e-09,500.0,500.0,0.0,1.0,1.0,0.0,1.0,1.0,0.0,0.5,0.5,0.0,1000.0,1000.0,0.0,1000.0,1000.0,0.0,0.5,0.5,0.0,0.0,0.0,0.0,1000.0,1000.0,0.0
fixed,sorted,5000,2500,2.0,1,0.006542265299746456,0.006532645998959197,9.466292258007551e-05,1.3084530599492911e-06,1.3065291997918393e-06,1.8932584516015054e-08,0.0018912291666007756,0.0018631249986356124,0.00010814627061701303,7.564916666403102e-07,7.45249999454245e-07,4.3258508246805204e-08,3753.7,3750.0,21.48961256690913,1.5014800000000001,1.5,0.00859584502676367,2.0,2.0,0.0,2.0,2.0,0.0,2500.0,2500.0,0.0,0.0,0.0,0.0,0.0,0.0,0.0,2500.0,2500.0,0.0,5000.0,5000.0,0.0
fixed,sorted,5000,5000,1.0,1,0.006769458300307936,0.006496958500065375,0.0014387404791678586,1.3538916600615872e-06,1.299391700013075e-06,2.877480958335718e-07,0.001803511100054796,0.0017097915006161202,0.0002855033493980228,7.214044400219185e-07,6.83916600246448e-07,1.1420133975920911e-07,2500.0,2500.0,0.0,1.0,1.0,0.0,1.0,1.0,0.0,1.0,1.0,0.0,5000.0,5000.0,0.0,0.0,0.0,0.0,0.0,0.0,0.0,0.0,0.0,0.0,5000.0,5000.0,0.0
fixed,sorted,5000,6667,0.75,1,0.006423769599738686,0.006422563001251547,4.762523078528468e-05,1.2847539199477373e-06,1.2845126002503094e-06,9.525046157056999e-09,0.0016481487333900684,0.001632874998904299,4.706487118811797e-05,6.592594933560273e-07,6.531499995617196e-07,1.882594847524718e-08,2500.0,2500.0,0.0,1.0,1.0,0.0,1.0,1.0,0.0,0.7499625018749062,0.7499625018749062,0.0,5000.0,5000.0,0.0,1667.0,1667.0,0.0,0.4330343492800975,0.4330343492800975,0.0,0.0,0.0,0.0,5000.0,5000.0,0.0
fixed,sorted,5000,10000,0.5,1,0.00883175559999169,0.006405895997886546,0.011300150119187578,1.766351119998338e-06,1.2811791995773092e-06,2.2600300238375154e-06,0.0017880847333193136,0.0016318335001415107,0.00036277630144062917,7.152338933277255e-07,6.527334000566043e-07,1.4511052057625162e-07,2500.0,2500.0,0.0,1.0,1.0,0.0,1.0,1.0,0.0,0.5,0.5,0.0,5000.0,5000.0,0.0,5000.0,5000.0,0.0,0.5,0.5,0.0,0.0,0.0,0.0,5000.0,5000.0,0.0
fixed,sorted,10000,5000,2.0,1,0.012894751499819298,0.012878645999080618,7.457158732621959e-05,1.2894751499819298e-06,1.2878645999080617e-06,7.457158732621983e-09,0.0036022028001752916,0.003590937500121072,6.871755812688152e-05,7.204405600350582e-07,7.181875000242144e-07,1.3743511625376285e-08,7501.0,7511.5,34.98866811628763,1.5002,1.5023,0.006997733623257571,2.0,2.0,0.0,2.0,2.0,0.0,5000.0,5000.0,0.0,0.0,0.0,0.0,0.0,0.0,0.0,5000.0,5000.0,0.0,10000.0,10000.0,0.0
fixed,sorted,10000,10000,1.0,1,0.012797124900316703,0.012792853500286583,0.00012040198563546647,1.2797124900316703e-06,1.2792853500286583e-06,1.2040198563546553e-08,0.0032787138330604647,0.0032729374997870764,5.619572928193778e-05,6.55742766612093e-07,6.545874999574152e-07,1.1239145856387588e-08,5000.0,5000.0,0.0,1.0,1.0,0.0,1.0,1.0,0.0,1.0,1.0,0.0,10000.0,10000.0,0.0,0.0,0.0,0.0,0.0,0.0,0.0,0.0,0.0,0.0,10000.0,10000.0,0.0
fixed,sorted,10000,13334,0.75,1,0.012875640299535007,0.012874916998043773,6.320916597153033e-05,1.2875640299535008e-06,1.2874916998043772e-06,6.3209165971530005e-09,0.0033591778330446685,0.003324500497910776,9.267052094479324e-05,6.718355666089338e-07,6.649000995821552e-07,1.8534104188958643e-08,5000.0,5000.0,0.0,1.0,1.0,0.0,1.0,1.0,0.0,0.7499625018749062,0.7499625018749062,0.0,10000.0,10000.0,0.0,3334.0,3334.0,0.0,0.4330343492800975,0.4330343492800975,0.0,0.0,0.0,0.0,10000.0,10000.0,0.0
fixed,sorted,10000,20000,0.5,1,0.012938959700113628,0.012948728999617742,7.754195376184882e-05,1.2938959700113627e-06,1.2948728999617743e-06,7.754195376184877e-09,0.003418148566803817,0.0034084789986081887,9.854875531315334e-05,6.836297133607635e-07,6.816957997216377e-07,1.9709751062630714e-08,5000.0,5000.0,0.0,1.0,1.0,0.0,1.0,1.0,0.0,0.5,0.5,0.0,10000.0,10000.0,0.0,10000.0,10000.0,0.0,0.5,0.5,0.0,0.0,0.0,0.0,10000.0,10000.0,0.0
fixed,uniform,1000,500,2.0,1,0.0012776430333663786,0.0012780210017808713,8.306080276426304e-06,1.2776430333663788e-06,1.2780210017808713e-06,8.306080276426263e-09,0.0003678083001432242,0.0003679790006572148,3.862036691471227e-06,7.356166002864484e-07,7.359580013144296e-07,7.724073382942477e-09,944.9,945.5,31.037630108605587,1.8898000000000001,1.891,0.06207526021721114,6.766666666666667,7.0,0.7279320417946064,1.9029999999999998,1.904,0.012980090855640829,433.73333333333335,434.5,6.822545451426575,66.26666666666667,65.5,6.822545451426586,1.3056647222868583,1.3028936948407384,0.042358482140204844,517.7666666666667,516.5,8.479928973894713,951.5,952.0,6.490045427820384
fixed,uniform,1000,1000,1.0,1,0.0012783291665982687,0.001268521000383771,3.1895923685694615e-05,1.2783291665982687e-06,1.2685210003837709e-06,3.18959236856946e-08,0.0003483402332979798,0.00034570850039017387,1.570947667071162e-05,6.966804665959595e-07,6.914170007803476e-07,3.141895334142322e-08,710.4,708.0,19.193389666667827,1.4207999999999998,1.416,0.03838677933333566,5.0,5.0,0.6432675209026769,0.9514999999999999,0.952,0.006490045427820414,632.3,633.0,9.146885658046633,367.7,367.0,9.146885658046644,0.9272444325038719,0.9267332219999034,0.018330182117329813,319.2,320.0,9.102481662370598,951.5,952.0,6.490045427820384
fixed,uniform,1000,1334,0.75,1,0.0017933012996460699,0.0013010624988964992,0.001358841618224225,1.79330129964607e-06,1.301062498896499e-06,1.358841618224225e-06,0.0006382735994217607,0.00035100049899483565,0.0009053666198432315,1.2765471988435214e-06,7.020009979896713e-07,1.8107332396864635e-06,652.5333333333333,653.5,13.637507440709326,1.3050666666666666,1.307,0.02727501488141872,4.2,4.0,0.5508613944197478,0.7132683658170914,0.7136431784107946,0.004865101520105244,703.7333333333333,705.5,9.584230342827096,630.2666666666667,628.5,9.584230342827096,0.8021358613205634,0.8023685536454447,0.012549638941057454,247.76666666666668,246.5,8.857816860842735,951.5,952.0,6.490045427820384
fixed,uniform,1000,2000,0.5,1,0.0012503401998401388,0.0012439790007192641,2.6069202746882394e-05,1.2503401998401387e-06,1.243979000719264e-06,2.606920274688239e-08,0.0003447623335280999,0.00033585399978619535,3.2302363575625264e-05,6.895246670561997e-07,6.717079995723907e-07,6.460472715125053e-08,594.9,593.0,12.782935823818493,1.1897999999999997,1.186,0.025565871647636986,3.6333333333333333,4.0,0.5560534167675355,0.47574999999999995,0.476,0.003245022713910207,787.2666666666667,786.0,11.107417010433984,1212.7333333333333,1214.0,11.107417010434,0.6556688490633676,0.6579868019226891,0.01017698728803316,164.23333333333332,165.5,9.863493587321196,951.5,952.0,6.490045427820384
fixed,uniform,5000,2500,2.0,1,0.006627079300111897,0.0065879580015462125,0.00027482022426292713,1.3254158600223794e-06,1.3175916003092425e-06,5.496404485258557e-08,0.001956022233692541,0.0019529790006345138,4.2876645554772305e-05,7.824088934770164e-07,7.811916002538055e-07,1.715065822190894e-08,4744.5,4759.0,50.31469929868648,1.8978,1.9036,0.020125879719474587,7.766666666666667,8.0,0.6789105539243627,1.9022933333333334,1.9016,0.006337569061493195,2163.4,2161.5,12.861597476797819,336.6,338.5,12.861597476797833,1.3139209380068562,1.3106190012081957,0.019643811007018598,2592.3333333333335,2594.5,18.67754198797697,4755.733333333334,4754.0,15.843922653732985
fixed,uniform,5000,5000,1.0,1,0.006267647233350241,0.006262021001020912,3.1702813349469246e-05,1.2535294466700482e-06,1.2524042002041824e-06,6.3405626698938566e-09,0.0017242319666062637,0.001718875000733533,2.4703284510310267e-05,6.896927866425055e-07,6.875500002934132e-07,9.881313804124119e-09,3556.7,3560.5,35.11473803954989,1.42268,1.4242,0.014045895215819882,5.4,5.0,0.6214554662658652,0.9511466666666667,0.9508,0.0031687845307465973,3161.8333333333335,3162.0,23.02634672887042,1838.1666666666667,1838.0,23.026346728870404,0.9274355968097172,0.9264069237178245,0.010513985933542044,1593.9,1589.5,25.682880384170065,4755.733333333334,4754.0,15.843922653732985
fixed,uniform,5000,6667,0.75,1,0.006877359866606033,0.006248687501283712,0.0032327563323429997,1.3754719733212066e-06,1.2497375002567424e-06,6.465512664686e-07,0.002037338799952219,0.0016935624989855569,0.0015994618649731774,8.149355199808876e-07,6.774249995942227e-07,6.397847459892709e-07,3264.5333333333333,3265.0,31.241808121692348,1.3058133333333333,1.306,0.012496723248676962,4.933333333333334,5.0,0.3651483716701107,0.7133243337833108,0.713064346782661,0.002376469574581203,3512.6666666666665,3515.0,20.509599658718837,3154.3333333333335,3152.0,20.509599658718837,0.8047341653485623,0.8044195669681116,0.005385371993014292,1243.0666666666666,1246.0,18.241546617228067,4755.733333333334,4754.0,15.843922653732985
fixed,uniform,5000,10000,0.5,1,0.0063116013331940245,0.006196270498548984,0.00033147640480830513,1.2623202666388047e-06,1.2392540997097966e-06,6.629528096166095e-08,0.0017294859668860834,0.001668582999627688,0.00019136900501334463,6.917943867544334e-07,6.674331998510752e-07,7.654760200533783e-08,2969.7,2972.5,28.907879846875264,1.18788,1.189,0.011563151938750054,4.033333333333333,4.0,0.18257418583505539,0.47557333333333335,0.4754,0.0015843922653732986,3935.366666666667,3938.0,27.271917264181635,6064.633333333333,6062.0,27.271917264181692,0.6557269192194067,0.6563676386893582,0.004890392871763566,820.3666666666667,823.5,23.11214538652385,4755.733333333334,4754.0,15.843922653732985
fixed,uniform,10000,5000,2.0,1,0.012783512533739364,0.012772417001542635,9.1967509307123e-05,1.2783512533739365e-06,1.2772417001542636e-06,9.196750930712312e-09,0.003729819432919612,0.003734457999598817,6.663834969988254e-05,7.459638865839224e-07,7.468915999197633e-07,1.332766993997655e-08,9485.833333333334,9474.5,91.97229092966298,1.8971666666666667,1.8949,0.018394458185932633,8.066666666666666,8.0,0.7396799556440671,1.9018466666666667,1.9011,0.004096317381741058,4321.6,4322.5,22.273534628064347,678.4,677.5,22.273534628064453,1.3134359128075275,1.3124847268180946,0.014472528582662791,5187.633333333333,5187.0,31.3605103465393,9509.233333333334,9505.5,20.48158690870514
fixed,uniform,10000,10000,1.0,1,0.012638240299808482,0.012588478999532526,0.00021764964309884888,1.2638240299808482e-06,1.2588478999532525e-06,2.1764964309884855e-08,0.0036243597331728477,0.0035013544984394684,0.0004615774668546396,7.248719466345696e-07,7.002708996878938e-07,9.231549337092792e-08,7128.033333333334,7130.0,65.16371072462267,1.4256066666666667,1.426,0.013032742144924506,5.666666666666667,6.0,0.479463301485384,0.9509233333333333,0.95055,0.002048158690870529,6316.433333333333,6316.5,29.331262988588687,3683.5666666666666,3683.5,29.331262988588556,0.9279267367067541,0.9280593055725501,0.006107962984063435,3192.8,3195.0,32.40944945217532,9509.233333333334,9505.5,20.48158690870514
fixed,uniform,10000,13334,0.75,1,0.01259421666666943,0.01254352100113465,0.00024666501905815775,1.259421666666943e-06,1.254352100113465e-06,2.4666501905815695e-08,0.0035266970998539668,0.0034671875000640284,0.00015136583667230429,7.053394199707934e-07,6.934375000128057e-07,3.027316733446086e-08,6526.133333333333,6527.5,36.392243710698196,1.3052266666666665,1.3054999999999999,0.00727844874213959,5.266666666666667,5.0,0.5208304597621879,0.7131568421578921,0.7128768561571921,0.0015360422160420847,7019.1,7016.5,35.10216615773908,6314.9,6317.5,35.10216615773908,0.8049135079383666,0.8059376197550239,0.004978284896973101,2490.133333333333,2494.5,33.577222712092606,9509.233333333334,9505.5,20.48158690870514
fixed,uniform,10000,20000,0.5,1,0.013290977700307849,0.012679040999501012,0.003109822184544525,1.3290977700307849e-06,1.267904099950101e-06,3.1098221845445244e-07,0.003789612299927588,0.0036482284995145164,0.0006773374627841373,7.579224599855176e-07,7.296456999029033e-07,1.3546749255682746e-07,5948.8,5951.0,40.07441354143127,1.18976,1.1902,0.008014882708286266,4.2,4.0,0.4068381021724863,0.47546166666666667,0.475275,0.0010240793454352646,7860.7,7868.5,35.78301465683196,12139.3,12131.5,35.78301465683178,0.6561134095315745,0.6558179181901367,0.003002915167392079,1648.5333333333333,1645.0,30.58592569425862,9509.233333333334,9505.5,20.48158690870514
universal,adversarial,1000,500,2.0,3,0.0025431527998686456,0.0025443955018999986,1.9745024995336643e-05,2.5431527998686455e-06,2.5443955018999986e-06,1.974502499533649e-08,0.0009949097668140894,0.0009914789989124984,1.816451607979779e-05,1.9898195336281787e-06,1.982957997824997e-06,3.632903215959561e-08,1949.1,1888.0,232.35486385832485,3.8982,3.776,0.4647097277166497,6.5,6.0,1.0747894741730137,2.0,2.0,0.0,441.03333333333336,443.5,15.132707972293408,58.96666666666667,56.5,15.132707972293414,1.3276228726578938,1.279053554318208,0.191052009516461,558.9666666666667,556.5,15.132707972293394,1000.0,1000.0,0.0
universal,adversarial,1000,1000,1.0,3,0.0024525402333286667,0.002443208499244065,4.443454678520815e-05,2.452540233328667e-06,2.443208499244065e-06,4.4434546785208166e-08,0.0009223097999589906,0.0009197295003104955,1.5003034797905575e-05,1.8446195999179812e-06,1.839459000620991e-06,3.000606959581111e-08,1201.5333333333333,1168.5,137.99618518798547,2.4030666666666667,2.3369999999999997,0.27599237037597096,4.833333333333333,5.0,0.949894125981792,1.0,1.0,0.0,649.2666666666667,655.5,29.224379682314762,350.73333333333335,344.5,29.224379682314762,0.9587097816106075,0.9268223718511617,0.08635664607617331,350.73333333333335,344.5,29.224379682314762,1000.0,1000.0,0.0
universal,adversarial,1000,1334,0.75,3,0.002684772166685434,0.0024471664983138908,0.0008742919362368253,2.684772166685434e-06,2.4471664983138908e-06,8.742919362368254e-07,0.0010695804327648755,0.0009166660001937998,0.0008208359398948501,2.139160865529751e-06,1.8333320003875997e-06,1.6416718797897005e-06,1006.5,1003.0,108.71593798709456,2.013,2.006,0.21743187597418914,4.266666666666667,4.0,0.8683449709106094,0.7496251874062968,0.7496251874062968,0.0,723.5666666666667,733.0,32.595412553612945,610.4333333333333,601.0,32.595412553612945,0.8312586356903705,0.8169616496907539,0.06263852106085241,276.43333333333334,267.0,32.59541255361297,1000.0,1000.0,0.0
universal,adversarial,1000,2000,0.5,3,0.002502364033595465,0.002500646000044071,6.62010662779677e-05,2.502364033595465e-06,2.5006460000440714e-06,6.620106627796773e-08,0.0009058013001776999,0.0008958540020103101,2.8269245400324563e-05,1.8116026003553998e-06,1.7917080040206201e-06,5.6538490800649215e-08,831.0666666666667,819.0,82.59203156576862,1.6621333333333332,1.638,0.16518406313153725,3.7333333333333334,4.0,0.6396838299494919,0.5,0.5,0.0,805.9,814.5,37.59984409358727,1194.1,1185.5,37.59984409358729,0.6879584658718263,0.6771261800328591,0.04409804009191454,194.1,185.5,37.59984409358726,1000.0,1000.0,0.0
universal,adversarial,5000,2500,2.0,3,0.012735587533097715,0.012615125000593252,0.0006907815457515821,2.5471175066195427e-06,2.52302500011865e-06,1.3815630915031652e-07,0.004996223699466403,0.004905416501060245,0.0003204794291939016,1.9984894797865612e-06,1.962166600424098e-06,1.281917716775606e-07,9887.9,9523.0,1175.300529431838,3.95516,3.8091999999999997,0.47012021177273516,7.733333333333333,7.0,1.8742048122232855,2.0,2.0,0.0,2182.233333333333,2212.5,90.48249338515932,317.76666666666665,287.5,90.48249338515936,1.3952474219053814,1.30705574934532,0.24115662030504478,2817.766666666667,2787.5,90.48249338515932,5000.0,5000.0,0.0
universal,adversarial,5000,5000,1.0,3,0.013216276266515099,0.012355666000075871,0.0030665514091814416,2.64325525330302e-06,2.4711332000151743e-06,6.133102818362883e-07,0.005007123700488591,0.004729959000542294,0.0008678454186853134,2.0028494801954364e-06,1.8919836002169176e-06,3.4713816747412525e-07,6231.9,6015.5,1099.9844309243026,2.4927599999999996,2.4062,0.4399937723697211,5.9,5.0,1.8818552841132146,1.0,1.0,0.0,3192.133333333333,3243.5,194.7707287597631,1807.8666666666666,1756.5,194.77072875976307,1.0003466184662597,0.9638435068361231,0.14122607062407605,1807.8666666666666,1756.5,194.77072875976307,5000.0,5000.0,0.0
universal,adversarial,5000,6667,0.75,3,0.014378115399813396,0.012171187499916414,0.010743464578708898,2.8756230799626792e-06,2.4342374999832825e-06,2.1486929157417795e-06,0.004783245665991368,0.004601458000252023,0.000789614633784404,1.9132982663965476e-06,1.8405832001008093e-06,3.1584585351376154e-07,5290.033333333334,5053.0,1035.7070043456183,2.1160133333333335,2.0212000000000003,0.41428280173824744,5.366666666666666,5.0,1.8842968748696896,0.7499625018749062,0.7499625018749062,0.0,3549.766666666667,3575.5,216.14964218358529,3117.233333333333,3091.5,216.14964218358529,0.866626459889842,0.8455124162593326,0.10715085536429864,1450.2333333333333,1424.5,216.14964218358529,5000.0,5000.0,0.0
universal,adversarial,5000,10000,0.5,3,0.013081177733207975,0.012172791501143365,0.00253826268618516,2.616235546641595e-06,2.434558300228673e-06,5.076525372370319e-07,0.0052341709670145065,0.004676625501815579,0.002665232320157868,2.0936683868058026e-06,1.8706502007262316e-06,1.0660929280631472e-06,4311.933333333333,4120.5,990.4801668481507,1.7247733333333335,1.6482,0.3961920667392602,4.4,4.0,1.1626367179523596,0.5,0.5,0.0,3981.9,4020.5,239.0993661567335,6018.1,5979.5,239.0993661567336,0.7036384133214073,0.6860729757651329,0.07210851471936944,1018.1,979.5,239.09936615673348,5000.0,5000.0,0.0
universal,adversarial,10000,5000,2.0,3,0.02512807083282193,0.025125000000116415,0.0003393563806325121,2.5128070832821927e-06,2.5125000000116417e-06,3.393563806325126e-08,0.00978214866675747,0.009782770999663626,0.0002735561513452197,1.956429733351494e-06,1.956554199932725e-06,5.4711230269044074e-08,19692.733333333334,18793.0,4047.4614090156892,3.938546666666667,3.7586,0.8094922818031376,8.0,7.0,2.1172526114494827,2.0,2.0,0.0,4383.0,4408.5,168.81800034765038,617.0,591.5,168.81800034765044,1.3873609812359453,1.3158825083991472,0.2678706090325793,5617.0,5591.5,168.81800034765038,10000.0,10000.0,0.0
universal,adversarial,10000,10000,1.0,3,0.02493825696631878,0.024657874499098398,0.0013870033037374108,2.4938256966318783e-06,2.46578744990984e-06,1.3870033037374106e-07,0.009500115367094017,0.009444770999834873,0.00027561159676320714,1.9000230734188031e-06,1.8889541999669745e-06,5.5122319352641456e-08,12173.5,11484.0,3399.2597038888866,2.4347,2.2968,0.6798519407777771,5.9,5.5,1.8818552841132146,1.0,1.0,0.0,6474.933333333333,6495.0,364.11346595800893,3525.0666666666666,3505.0,364.1134659580088,0.9781536787364122,0.9546726958028467,0.14098929076874148,3525.0666666666666,3505.0,364.1134659580088,10000.0,10000.0,0.0
universal,adversarial,10000,13334,0.75,3,0.024548031833789234,0.024527687501176842,0.0002379428841396919,2.4548031833789236e-06,2.452768750117684e-06,2.3794288413969175e-08,0.009407444400252037,0.00936239549992024,0.00022032200568825066,1.8814888800504074e-06,1.8724790999840481e-06,4.406440113765008e-08,10320.666666666666,9767.5,2950.9352267787376,2.0641333333333334,1.9535,0.5901870453557475,5.3,5.0,1.9502431324996554,0.7499625018749062,0.7499625018749062,0.0,7218.4,7260.0,405.3214645872735,6115.6,6074.0,405.3214645872735,0.8464854437777086,0.8271299072778533,0.10468751767271517,2781.6,2740.0,405.3214645872734,10000.0,10000.0,0.0
universal,adversarial,10000,20000,0.5,3,0.024504269433115646,0.024521875000573345,0.00021191272338660363,2.450426943311565e-06,2.4521875000573348e-06,2.119127233866039e-08,0.00943867923366876,0.009438792001674301,0.00021682313869410172,1.887735846733752e-06,1.8877584003348603e-06,4.336462773882031e-08,8537.466666666667,7860.0,2206.5978296031194,1.7074933333333333,1.572,0.4413195659206237,4.6,4.0,1.2205143065174586,0.5,0.5,0.0,8026.866666666667,8135.0,418.68585320997033,11973.133333333333,11865.0,418.6858532099704,0.6958466812623619,0.6769386044632982,0.06425216628166239,1973.1333333333334,1865.0,418.68585320997045,10000.0,10000.0,0.0
universal,near_duplicate,1000,500,2.0,3,0.0017717792001349154,0.0017712295011733659,1.4895388920958939e-05,1.7717792001349155e-06,1.7712295011733659e-06,1.489538892095894e-08,0.0008985805664754783,0.0008978539990494028,7.704063027677213e-06,1.7971611329509566e-06,1.7957079980988056e-06,1.540812605535452e-08,622.3333333333334,609.5,47.60493551153569,1.2446666666666666,1.2189999999999999,0.09520987102307137,2.2,2.0,0.4068381021724862,0.2,0.2,0.0,92.46666666666667,93.0,3.170264139254595,407.53333333333336,407.0,3.1702641392545927,0.4369743732552042,0.433589667773576,0.01619058213543419,7.533333333333333,7.0,3.170264139254595,100.0,100.0,0.0
universal,near_duplicate,1000,1000,1.0,3,0.0017417486337459802,0.001744062499710708,1.3031270600027443e-05,1.7417486337459801e-06,1.744062499710708e-06,1.3031270600027464e-08,0.0008771208997738237,0.0008747504998609656,1.5287580341971742e-05,1.7542417995476474e-06,1.7495009997219313e-06,3.0575160683943475e-08,554.8,552.5,22.73141529644186,1.1096000000000001,1.105,0.04546283059288367,2.0,2.0,0.0,0.1,0.1,0.0,96.46666666666667,97.0,2.17720689991959,903.5333333333333,903.0,2.177206899919581,0.31148098748043995,0.30983866769659335,0.006917825914956975,3.533333333333333,3.0,2.1772068999195895,100.0,100.0,0.0
universal,near_duplicate,1000,1334,0.75,3,0.001762552800331226,0.0017408329986210447,6.847163136341018e-05,1.7625528003312258e-06,1.7408329986210445e-06,6.847163136341027e-08,0.0008791528334162042,0.000874187498993706,1.7417391820719773e-05,1.7583056668324085e-06,1.748374997987412e-06,3.483478364143952e-08,549.9,538.0,41.73591027995615,1.0997999999999999,1.076,0.0834718205599123,1.9,2.0,0.4025778999364487,0.07496251874062969,0.07496251874062969,0.0,97.5,98.0,1.9073361094685854,1236.5,1236.0,1.9073361094685763,0.27039192997475536,0.26896401297258266,0.005519059022368965,2.5,2.0,1.9073361094685854,100.0,100.0,0.0
universal,near_duplicate,1000,2000,0.5,3,0.0017273138000746258,0.0017247284995391965,1.406568653968168e-05,1.7273138000746258e-06,1.7247284995391965e-06,1.4065686539681655e-08,0.0008631985338676411,0.000863374500113423,5.766413167253811e-06,1.7263970677352821e-06,1.726749000226846e-06,1.1532826334507623e-08,529.1,528.5,14.179514120365871,1.0582,1.057,0.028359028240731738,1.8,2.0,0.40683810217248617,0.05,0.05,0.0,98.1,98.0,1.446756181350495,1901.9,1902.0,1.4467561813505307,0.22223820860783167,0.22248595461286988,0.0032449379328687643,1.9,2.0,1.4467561813504934,100.0,100.0,0.0
universal,near_duplicate,5000,2500,2.0,3,0.00885021806655762,0.008850541500578402,0.00010778774166546386,1.7700436133115242e-06,1.7701083001156804e-06,2.155754833309284e-08,0.004441212466796666,0.004430208500707522,4.969442089743054e-05,1.7764849867186664e-06,1.7720834002830088e-06,1.9877768358972216e-08,3169.5333333333333,3042.0,311.27665190789446,1.2678133333333332,1.2168,0.1245106607631578,2.8666666666666667,3.0,0.6814453874610599,0.2,0.2,0.0,456.8,462.5,17.59388608540498,2043.2,2037.5,17.59388608540498,0.44406478184928416,0.4363484845854286,0.019821692779264065,43.2,37.5,17.593886085404982,500.0,500.0,0.0
universal,near_duplicate,5000,5000,1.0,3,0.008894651333442501,0.008873729000697494,0.00011511276732058021,1.7789302666885e-06,1.774745800139499e-06,2.302255346411601e-08,0.004386876433394112,0.004375729500679881,4.663881932299683e-05,1.7547505733576447e-06,1.7502918002719525e-06,1.8655527729198697e-08,2847.2,2773.0,205.90211936408213,1.1388800000000001,1.1092,0.0823608477456328,2.4,2.0,0.6214554662658653,0.1,0.1,0.0,477.03333333333336,481.0,12.850555692622622,4522.966666666666,4519.0,12.850555692622779,0.31556639775079953,0.31240998703626616,0.009350379519360467,22.966666666666665,19.0,12.850555692622612,500.0,500.0,0.0
universal,near_duplicate,5000,6667,0.75,3,0.008851005566733268,0.00884924999991199,7.277594568265817e-05,1.7702011133466537e-06,1.769849999982398e-06,1.4555189136531665e-08,0.004368740333423678,0.0043653125012497185,3.654129988911012e-05,1.7474961333694712e-06,1.7461250004998872e-06,1.4616519955644053e-08,2728.133333333333,2692.0,102.61637072236518,1.0912533333333334,1.0768,0.04104654828894609,2.2666666666666666,2.0,0.4497764451088036,0.07499625018749062,0.07499625018749062,0.0,485.93333333333334,487.0,6.113486128525873,6181.066666666667,6180.0,6.1134861285259845,0.27147589798265936,0.2706873060471352,0.00358624825536224,14.066666666666666,13.0,6.113486128525865,500.0,500.0,0.0
universal,near_duplicate,5000,10000,0.5,3,0.010934560999885434,0.008823375001156819,0.008179324175581136,2.186912199977087e-06,1.7646750002313638e-06,1.6358648351162274e-06,0.005401601399838304,0.004351728999608895,0.004675082955243098,2.1606405599353213e-06,1.7406915998435578e-06,1.8700331820972394e-06,2666.4333333333334,2637.0,125.11585895049255,1.0665733333333334,1.0548,0.05004634358019699,2.1,2.0,0.4025778999364487,0.05,0.05,0.0,488.8333333333333,492.0,9.96920545837352,9511.166666666666,9508.0,9.969205458373715,0.22313422174771425,0.22158519806160337,0.005029473651959334,11.166666666666666,8.0,9.969205458373517,500.0,500.0,0.0
universal,near_duplicate,10000,5000,2.0,3,0.017653367966704536,0.01764268750048359,0.00023846746454969254,1.7653367966704538e-06,1.764268750048359e-06,2.3846746454969236e-08,0.008908461099902827,0.008753145499213133,0.00056468950877131,1.7816922199805656e-06,1.7506290998426267e-06,1.129379017542619e-07,6351.6,6131.5,632.4310293593695,1.2703200000000001,1.2263000000000002,0.1264862058718739,3.1333333333333333,3.0,0.507416263404925,0.19999333333333336,0.2,3.6514837167017997e-05,912.1,920.5,31.30203254389897,4087.9,4079.5,31.302032543898967,0.4448802784582456,0.43908973175297217,0.0199361871353836,87.86666666666666,79.5,31.325579867306345,999.9666666666667,1000.0,0.1825741858350653
universal,near_duplicate,10000,10000,1.0,3,0.017812758366805306,0.017640187999859336,0.0007377806391180423,1.7812758366805308e-06,1.7640187999859335e-06,7.377806391180428e-08,0.008917288899950412,0.008673104501212947,0.0012146696798053724,1.7834577799900822e-06,1.7346209002425895e-06,2.4293393596107444e-07,5666.7,5526.0,502.20418638994454,1.13334,1.1052,0.10044083727798889,2.466666666666667,2.0,0.6814453874610598,0.09999666666666668,0.1,1.8257418583508998e-05,956.1,963.0,28.842437603235805,9043.9,9037.0,28.84243760323546,0.315007316189467,0.31208956619933204,0.011790867905927168,43.86666666666667,37.0,28.84767764911287,999.9666666666667,1000.0,0.1825741858350653
universal,near_duplicate,10000,13334,0.75,3,0.018127482033135797,0.017530334000184666,0.0022080255068132933,1.8127482033135797e-06,1.7530334000184666e-06,2.2080255068132938e-07,0.008709058233580435,0.008660166497065802,0.000260834039637888,1.741811646716087e-06,1.7320332994131605e-06,5.21668079275776e-08,5426.733333333334,5387.0,134.39210088993025,1.0853466666666667,1.0774,0.02687842017798608,2.566666666666667,3.0,0.5683207771559354,0.07499375031248437,0.07499625018749062,1.3692379318663036e-05,970.5333333333333,973.5,18.556035050128823,12363.466666666667,12360.5,18.556035050128436,0.27198781367274255,0.27110254014669366,0.006193811187149708,29.433333333333334,26.5,18.563373900633273,999.9666666666667,1000.0,0.1825741858350653
universal,near_duplicate,10000,20000,0.5,3,0.01751025553300375,0.01748572900032741,0.0001785064760767186,1.7510255533003753e-06,1.748572900032741e-06,1.785064760767184e-08,0.008594309566857798,0.008589645998654305,6.378218209942772e-05,1.7188619133715595e-06,1.717929199730861e-06,1.2756436419885536e-08,5290.866666666667,5251.5,200.078559283741,1.0581733333333334,1.0503,0.04001571185674825,2.1,2.0,0.3051285766293647,0.04999833333333334,0.05,9.128709291754499e-06,980.0333333333333,983.0,13.981473784812609,19019.966666666667,19017.0,13.981473784813167,0.22254667973621214,0.22181073012818833,0.0034454250107409054,19.933333333333334,17.0,13.967779013669736,999.9666666666667,1000.0,0.1825741858350653
universal,sorted,1000,500,2.0,3,0.0025774959329282867,0.002570521499364986,4.070988586842756e-05,2.5774959329282867e-06,2.570521499364986e-06,4.070988586842754e-08,0.0010245027001171063,0.0010209374995611142,2.789624705188385e-05,2.0490054002342125e-06,2.0418749991222285e-06,5.579249410376769e-08,1920.6,1897.0,127.97833868437972,3.8412,3.7939999999999996,0.255956677368759,6.633333333333334,6.0,0.8899179866642241,2.0,2.0,0.0,441.6333333333333,442.0,11.430399073895254,58.36666666666667,58.0,11.430399073895266,1.3105956705218693,1.2999979517443216,0.10474429492816482,558.3666666666667,558.0,11.430399073895252,1000.0,1000.0,0.0
universal,sorted,1000,1000,1.0,3,0.0024900430335643856,0.0024848745015333407,4.050734372223086e-05,2.4900430335643857e-06,2.4848745015333405e-06,4.050734372223084e-08,0.0009489875000629884,0.0009414579999429407,3.826495866245553e-05,1.897975000125977e-06,1.8829159998858812e-06,7.652991732491104e-08,1212.4333333333334,1158.0,139.20604508607286,2.4248666666666665,2.316,0.27841209017214574,5.0,5.0,0.909717652294684,1.0,1.0,0.0,647.9333333333333,650.0,31.773913973500402,352.06666666666666,350.0,31.773913973500367,0.9623742154285163,0.9555067526630032,0.08368168018324329,352.06666666666666,350.0,31.773913973500367,1000.0,1000.0,0.0
universal,sorted,1000,1334,0.75,3,0.004192927833840562,0.0026643540022632806,0.0031728290457168945,4.192927833840561e-06,2.6643540022632808e-06,3.172829045716895e-06,0.001763411133166907,0.0010577494995231973,0.0016102695881916786,3.526822266333814e-06,2.1154989990463947e-06,3.220539176383357e-06,1024.2666666666667,971.5,143.79653569596505,2.0485333333333333,1.943,0.2875930713919299,4.466666666666667,4.0,0.8995528902176073,0.7496251874062968,0.7496251874062968,0.0,718.4666666666667,736.0,41.596363678383824,615.5333333333333,598.0,41.596363678383824,0.8432727027712927,0.8119121230636712,0.07483773330529733,281.53333333333336,264.0,41.5963636783838,1000.0,1000.0,0.0
universal,sorted,1000,2000,0.5,3,0.0025013695006540124,0.0024975409996841336,3.8385979008456185e-05,2.5013695006540126e-06,2.4975409996841337e-06,3.8385979008456195e-08,0.0009238598665736693,0.0009215835016220808,2.212058697826052e-05,1.8477197331473386e-06,1.8431670032441617e-06,4.4241173956521046e-08,872.7,840.5,119.78174116801516,1.7454,1.681,0.23956348233603023,3.933333333333333,4.0,0.8276819867946674,0.5,0.5,0.0,797.0666666666667,802.0,41.05751502745733,1202.9333333333334,1198.0,41.05751502745735,0.6972773404113024,0.6870210195812223,0.04987201428906804,202.93333333333334,198.0,41.05751502745733,1000.0,1000.0,0.0
universal,sorted,5000,2500,2.0,3,0.012761177733773365,0.012762958000166691,0.0001767189782928917,2.552235546754673e-06,2.5525916000333383e-06,3.534379565857841e-08,0.00494417500012787,0.004895312500593718,0.0001636911381598083,1.9776700000511482e-06,1.9581250002374873e-06,6.547645526392348e-08,9915.066666666668,9347.5,1336.7662456100165,3.9660266666666666,3.739,0.5347064982440065,7.766666666666667,7.0,1.735696885450026,2.0,2.0,0.0,2192.9666666666667,2226.5,79.42486509527289,307.03333333333336,273.5,79.42486509527289,1.3604849058103292,1.275303846784448,0.19086234720773998,2807.0333333333333,2773.5,79.42486509527289,5000.0,5000.0,0.0
universal,sorted,5000,5000,1.0,3,0.013010165333495631,0.012346083500233362,0.0028173568060170413,2.602033066699126e-06,2.4692167000466724e-06,5.634713612034081e-07,0.004681424933854335,0.0045878335022280226,0.00026221342378755276,1.8725699735417342e-06,1.8351334008912092e-06,1.0488536951502113e-07,6141.7,5839.0,1032.369893280371,2.45668,2.3356000000000003,0.4129479573121484,5.766666666666667,5.0,1.6333450621206844,1.0,1.0,0.0,3231.866666666667,3292.0,169.18643732496005,1768.1333333333334,1708.0,169.18643732496008,0.9692109143552643,0.9314088747285583,0.11622008029343718,1768.1333333333334,1708.0,169.18643732496008,5000.0,5000.0,0.0
universal,sorted,5000,6667,0.75,3,0.012215055466488897,0.012186166999526904,0.0001344630799582786,2.443011093297779e-06,2.4372333999053807e-06,2.6892615991655675e-08,0.004504212466417812,0.004482479000216699,9.041364852719775e-05,1.8016849865671248e-06,1.7929916000866797e-06,3.61654594108791e-08,5242.0,4916.5,947.57101453464,2.0968,1.9666000000000001,0.379028405813856,5.0,5.0,1.5974116995724785,0.7499625018749062,0.7499625018749062,0.0,3580.7,3656.0,226.73319425992824,3086.3,3011.0,226.73319425992824,0.8547810031809031,0.8131389978439953,0.11376201177924293,1419.3,1344.0,226.7331942599282,5000.0,5000.0,0.0
universal,sorted,5000,10000,0.5,3,0.014300559667147657,0.012119229500967776,0.00852740857308826,2.860111933429531e-06,2.423845900193555e-06,1.7054817146176517e-06,0.004933958366382285,0.004407375499795307,0.0012816511909375051,1.973583346552914e-06,1.762950199918123e-06,5.126604763750021e-07,4272.6,3997.0,930.6141687264828,1.7090400000000001,1.5988,0.3722456674905931,4.333333333333333,4.0,1.667815695873588,0.5,0.5,0.0,4042.866666666667,4080.5,203.65856032929793,5957.133333333333,5919.5,203.65856032929798,0.6894118578247945,0.6728286587346706,0.07514095001761892,957.1333333333333,919.5,203.65856032929796,5000.0,5000.0,0.0
universal,sorted,10000,5000,2.0,3,0.02500452076625758,0.024960167000244837,0.00017999029137633874,2.500452076625758e-06,2.496016700024484e-06,1.7999029137633888e-08,0.009579965300023712,0.009560354497807566,0.00016736191009738378,1.9159930600047423e-06,1.9120708995615133e-06,3.347238201947676e-08,19771.266666666666,18601.5,2777.9220829336764,3.9542533333333334,3.7203,0.5555844165867353,7.966666666666667,8.0,1.542128697463422,2.0,2.0,0.0,4395.2,4446.0,136.59994446406702,604.8,554.0,136.59994446406705,1.354212755732806,1.271767441822805,0.19945048355477574,5604.8,5554.0,136.59994446406702,10000.0,10000.0,0.0
universal,sorted,10000,10000,1.0,3,0.024380436066833985,0.024368083499211934,0.000174985890466438,2.4380436066833987e-06,2.4368083499211934e-06,1.7498589046643522e-08,0.009054247300082353,0.008992729499368579,0.00014997502024916582,1.8108494600164703e-06,1.7985458998737157e-06,2.9995004049833105e-08,12296.466666666667,11574.0,2362.5383300424014,2.4592933333333336,2.3148,0.47250766600848043,5.933333333333334,5.5,1.5742175578808129,1.0,1.0,0.0,6494.033333333334,6543.0,304.9465168860263,3505.9666666666667,3457.0,304.94651688602636,0.971578587298396,0.9399952803699505,0.12882110839797353,3505.9666666666667,3457.0,304.94651688602636,10000.0,10000.0,0.0
universal,sorted,10000,13334,0.75,3,0.024486370732847717,0.0244396455000242,0.00021958667920708393,2.448637073284772e-06,2.44396455000242e-06,2.1958667920708483e-08,0.008967901400562065,0.008933374998377985,0.00015158987213919004,1.7935802801124132e-06,1.786674999675597e-06,3.031797442783798e-08,10449.9,9798.0,1614.0340625812125,2.0899799999999997,1.9596,0.32280681251624255,5.533333333333333,5.0,1.9428619723691545,0.7499625018749062,0.7499625018749062,0.0,7127.566666666667,7214.0,466.50606555049455,6206.433333333333,6120.0,466.50606555049455,0.8644215075224282,0.8361469291001777,0.12436239664396846,2872.4333333333334,2786.0,466.50606555049455,10000.0,10000.0,0.0
universal,sorted,10000,20000,0.5,3,0.02450067076655008,0.024401187500188826,0.00027224989168320315,2.4500670766550077e-06,2.4401187500188827e-06,2.7224989168320406e-08,0.009004852866564762,0.00898083299944119,0.00024185433664485173,1.8009705733129523e-06,1.796166599888238e-06,4.8370867328970376e-08,8547.633333333333,8122.5,1367.054232542602,1.7095266666666666,1.6245,0.2734108465085205,4.266666666666667,4.0,1.257620449659713,0.5,0.5,0.0,8053.3,8125.5,380.942040120324,11946.7,11874.5,380.94204012032384,0.690458044899175,0.6787103353007877,0.05418061971243014,1946.7,1874.5,380.9420401203239,10000.0,10000.0,0.0
universal,uniform,1000,500,2.0,3,0.002508419500857902,0.0025077920017793076,1.2896874894767048e-05,2.508419500857902e-06,2.5077920017793076e-06,1.289687489476701e-08,0.0009889971000423732,0.0009898750013235258,6.817245850518854e-06,1.9779942000847466e-06,1.9797500026470516e-06,1.3634491701037673e-08,1911.8,1907.5,56.26011020252271,3.8236,3.815,0.11252022040504545,7.233333333333333,7.0,1.1351236704106018,1.9029999999999998,1.904,0.012980090855640829,427.46666666666664,427.0,7.532611093442795,72.53333333333333,73.0,7.532611093442795,1.3676638390353923,1.3618037632224476,0.06739300635187188,524.0333333333333,523.0,9.364214101948248,951.5,952.0,6.490045427820384
universal,uniform,1000,1000,1.0,3,0.0024423375000575715,0.002431521001199144,4.142153666058367e-05,2.442337500057571e-06,2.431521001199144e-06,4.142153666058376e-08,0.0009299929672124563,0.0009251245010091225,2.6963482193505877e-05,1.8599859344249126e-06,1.8502490020182448e-06,5.3926964387011814e-08,1213.5666666666666,1215.0,37.38401219526998,2.4271333333333334,2.43,0.07476802439053991,5.4,5.0,1.0372377109252813,0.9514999999999999,0.952,0.006490045427820414,615.1,613.5,11.176792458266945,384.9,386.5,11.176792458266918,0.9722615739783119,0.970949506602858,0.030191316950216228,336.4,334.5,12.32211356702334,951.5,952.0,6.490045427820384
universal,uniform,1000,1334,0.75,3,0.0036222957330513355,0.0025493749999441206,0.0023045174091445276,3.622295733051336e-06,2.549374999944121e-06,2.3045174091445276e-06,0.001986487466395677,0.0009348540006612893,0.0021754563402533412,3.972974932791355e-06,1.8697080013225787e-06,4.350912680506682e-06,1025.9666666666667,1013.5,44.830318661195875,2.0519333333333334,2.027,0.08966063732239178,4.7,5.0,0.7943767889097849,0.7132683658170914,0.7136431784107946,0.004865101520105244,685.2333333333333,684.0,14.940533465371471,648.7666666666667,650.0,14.940533465371471,0.8362157622373246,0.8345952872389926,0.023619214433425784,266.26666666666665,264.5,14.236750242638387,951.5,952.0,6.490045427820384
universal,uniform,1000,2000,0.5,3,0.0025422152670216747,0.0024875835006241687,0.0002840836354766809,2.5422152670216747e-06,2.487583500624169e-06,2.8408363547668075e-07,0.0009217346664324093,0.0009239170012733666,1.4685767910782443e-05,1.8434693328648185e-06,1.8478340025467333e-06,2.9371535821564867e-08,860.4666666666667,853.0,37.74207688795214,1.7209333333333334,1.706,0.07548415377590433,4.2,4.0,0.7143842296595067,0.47574999999999995,0.476,0.003245022713910207,756.5333333333333,753.0,17.038968184183247,1243.4666666666667,1247.0,17.03896818418326,0.6909816376570149,0.6902401060641494,0.020664848235166223,194.96666666666667,197.0,16.83896002467622,951.5,952.0,6.490045427820384
universal,uniform,5000,2500,2.0,3,0.013072261267006979,0.012783688000126858,0.0014993399632974996,2.614452253401396e-06,2.5567376000253716e-06,2.998679926595e-07,0.004927877833203335,0.004927707997921971,0.00012521940798546945,1.971151133281334e-06,1.9710831991687885e-06,5.008776319418786e-08,9737.166666666666,9483.0,896.0503404628995,3.8948666666666667,3.7932,0.3584201361851598,8.5,8.0,1.16707710350141,1.9022933333333334,1.9016,0.006337569061493195,2124.5666666666666,2137.0,39.35486942077748,375.43333333333334,363.0,39.35486942077735,1.3874895828149887,1.3671744584652046,0.08056207017951311,2631.1666666666665,2625.0,44.852311925445626,4755.733333333334,4754.0,15.843922653732985
universal,uniform,5000,5000,1.0,3,0.012039436133757892,0.012059916500220424,8.622045090112946e-05,2.4078872267515786e-06,2.411983300044085e-06,1.7244090180225894e-08,0.00452129023372739,0.004511708501013345,3.831270006172471e-05,1.8085160934909557e-06,1.804683400405338e-06,1.5325080024689865e-08,6084.933333333333,5980.5,454.9688078230788,2.4339733333333333,2.3922,0.18198752312923164,6.333333333333333,6.0,0.7580980435789034,0.9511466666666667,0.9508,0.0031687845307465973,3076.0333333333333,3088.0,49.717466113847905,1923.9666666666667,1912.0,49.71746611384776,0.9737245507605524,0.9661130685987764,0.02872241548338952,1679.7,1666.5,53.46165238619246,4755.733333333334,4754.0,15.843922653732985
universal,uniform,5000,6667,0.75,3,0.014440336166686999,0.01201360450068023,0.00921818123121403,2.8880672333374e-06,2.402720900136046e-06,1.843636246242806e-06,0.004853259700151587,0.004470937499718275,0.002122135576176218,1.941303880060635e-06,1.78837499988731e-06,8.488542304704873e-07,5090.333333333333,5076.0,121.46216477267465,2.0361333333333334,2.0304,0.04858486590906997,5.166666666666667,5.0,0.3790490217894517,0.7133243337833108,0.713064346782661,0.002376469574581203,3427.0666666666666,3434.5,39.69099032077283,3239.9333333333334,3232.5,39.69099032077283,0.8340402089903777,0.8302229433177553,0.012441647690927048,1328.6666666666667,1318.5,40.12509175697613,4755.733333333334,4754.0,15.843922653732985
universal,uniform,5000,10000,0.5,3,0.011999905566456921,0.011921541501578758,0.00035153791889820727,2.3999811132913847e-06,2.3843083003157517e-06,7.030758377964137e-08,0.0044718875329029595,0.004389521001940011,0.0002525986624953398,1.7887550131611837e-06,1.7558084007760043e-06,1.0103946499813609e-07,4266.666666666667,4212.0,235.6409210603304,1.7066666666666668,1.6848,0.09425636842413221,4.9,5.0,0.6617635789938568,0.47557333333333335,0.4754,0.0015843922653732986,3797.1,3807.0,60.454228910006364,6202.9,6193.0,60.45422891000626,0.6869615996082898,0.6825319610283829,0.014311991486032577,958.6333333333333,938.5,61.558205331849656,4755.733333333334,4754.0,15.843922653732985
universal,uniform,10000,5000,2.0,3,0.02456259440004942,0.02455212449967803,0.00016328993141522788,2.456259440004942e-06,2.455212449967803e-06,1.6328993141522723e-08,0.00952389576668793,0.009488166500887019,0.00011677987923348505,1.9047791533375859e-06,1.8976333001774038e-06,2.3355975846696963e-08,19386.233333333334,19083.0,1374.6761796330704,3.8772466666666667,3.8166,0.27493523592661423,8.733333333333333,8.0,1.3113124074319804,1.9018466666666667,1.9011,0.004096317381741058,4256.9,4273.5,66.08685507567385,743.1,726.5,66.08685507567372,1.3819419129783628,1.3614092786808314,0.07021826921405237,5252.333333333333,5234.5,73.05847130815869,9509.233333333334,9505.5,20.48158690870514
universal,uniform,10000,10000,1.0,3,0.0253567083664772,0.024221313000452938,0.0039948444364931385,2.5356708366477204e-06,2.422131300045294e-06,3.9948444364931386e-07,0.009399600033066235,0.009067499500815757,0.0012124665838848434,1.8799200066132471e-06,1.8134999001631514e-06,2.4249331677696877e-07,12135.966666666667,11982.5,693.7505008800101,2.4271933333333333,2.3964999999999996,0.13875010017600176,6.5,6.0,0.7768193328323317,0.9509233333333333,0.95055,0.002048158690870529,6146.4,6172.5,100.81652847521136,3853.6,3827.5,100.8165284752114,0.9728593452708011,0.9628806208784713,0.028078461237217786,3362.8333333333335,3334.5,103.86300105670823,9509.233333333334,9505.5,20.48158690870514
universal,uniform,10000,13334,0.75,3,0.024890370799524438,0.02421439600038866,0.003703401171573216,2.489037079952444e-06,2.421439600038866e-06,3.7034011715732146e-07,0.009100070966572579,0.008989500000097905,0.0003964807345142547,1.8200141933145157e-06,1.797900000019581e-06,7.929614690285092e-08,10223.066666666668,10163.5,186.13916435223172,2.0446133333333334,2.0327,0.037227832870446294,5.833333333333333,6.0,0.7914775938769179,0.7131568421578921,0.7128768561571921,0.0015360422160420847,6826.033333333334,6844.0,86.76066299699502,6507.966666666666,6490.0,86.76066299699502,0.8402950154721099,0.8368564095723112,0.015292961201555913,2683.2,2661.5,87.841707162608,9509.233333333334,9505.5,20.48158690870514
universal,uniform,10000,20000,0.5,3,0.024520563966871124,0.024263687499114894,0.0009236289906264963,2.4520563966871123e-06,2.4263687499114894e-06,9.236289906264941e-08,0.0091978736333355,0.008997041499242187,0.0007330275378149439,1.8395747266671e-06,1.7994082998484371e-06,1.4660550756298886e-07,8555.233333333334,8409.0,400.1737280777913,1.7110466666666668,1.6818,0.08003474561555829,4.8,5.0,0.6102571532587293,0.47546166666666667,0.475275,0.0010240793454352646,7583.5,7617.0,109.84809260190106,12416.5,12383.0,109.84809260190157,0.6874333729318117,0.682964833134496,0.013217576970002696,1925.7333333333333,1888.5,112.44184192769147,9509.233333333334,9505.5,20.48158690870514
